﻿"Id","Name","CreatedDate","CreatedById","CreatedBy.Name","LastModifiedDate","LastModifiedById","LastModifiedBy.Name","SystemModstamp","IsDeleted","OwnerId","Owner.Name","AcceptableExpApplyDate__c","AllowEditExpAdmin__c","AllowEditManager__c","AttachmentType__c","BorderTime__c","BoxRefreshToken__c","CachPaymentId__c","CachPaymentId__r.Name","CancelDayApply__c","CancelMonthApply__c","CheckDefaultDailyFix__c","CheckWorkingTime__c","ClarifyAfterApply__c","CommentIfAbsence__c","CommentIfNoPushTime__c","CommuterPassWorkflow__c","Config__c","DailyApprover__c","DataOutputOption__c","DisableChatterPushTime__c","DisableKintaiFeed__c","DisabledEmpExp__c","DisabledEmpJob__c","DisabledTimeReport__c","DiscretionaryOption__c","DivergenceReasonList__c","DontFixJobMonthly__c","DuplicateFlag__c","EkitanArea__c","EkitanICCardMode__c","EkitanKey__c","ExpApplyPrefix__c","ExpCouponList__c","ExpItemClassList__c","ExpItemGroup__c","ExpItem__c","ExpLinkDocument__c","ExpPreApplyConfig__c","ExpPreApplyPrefix__c","ExpStartDate__c","ExpTransport__c","ExpWorkflow__c","ExtendedJournalFormat__c","ExtraItemOutputDataName1__c","ExtraItemOutputDataName2__c","ExtraMenu__c","FixDate__c","FlexGraph__c","HandleInvalidApply__c","HelpLink__c","HideBottomSummary__c","HideMonthlySummary__c","HideTimeGraphPopup__c","ICCardExpItemClass__c","ICCardRegLimitPerEmp__c","IndicateNoPushTime__c","InfoLink__c","JobAssignClassList__c","JobEditableByLeader__c","JobExtraItem1Length__c","JobExtraItem1Name__c","JobExtraItem1Width__c","JobExtraItem2Length__c","JobExtraItem2Name__c","JobExtraItem2Width__c","JobInitialDateHistory__c","JobInitialDayOfMonth__c","JobLeaderFilter__c","JobMarkOfMonth__c","JobWorkflow__c","KeepExteriorTime__c","LastAccessControlLogTime__c","LeftoverJobId__c","LeftoverJobId__r.Name","LegalTimeOfDay__c","LicenseType__c","LimitToMainteJob__c","LimitedPushTimeIPList__c","LimitedTimeDistance__c","LinkEkitan__c","LocalKey__c","MailAccessLogError__c","MessageTable__c","MsDailyWorkTimeIsReal__c","NamingRule__c","NightEndTime__c","NightStartTime__c","NonDialogKey__c","NotInfoAutoView__c","OutputColumns__c","OutputJournalOnProvisionalPayment__c","OutputJournal__c","PaidRestTimeLimit__c","PayExpApplyPrefix__c","PermitChangeLeftoverJob__c","PermitDeptFixWoMonthFix__c","PermitDuplicateJobProcess__c","PermitStartBtnDateChange__c","PitTouchDefaultStartFrom__c","PitTouchDefaultStartTo__c","PitTouchSyncInterval__c","PlugApex__c","PlugJavaScript__c","ProcessList__c","ProgressList__c","ProhibitAcrossMonthApply__c","ProvisionalItemId__c","ProvisionalItemId__r.Name","RecalcByLatestExchangeRate__c","RefundItemId__c","RefundItemId__r.Name","ReportFolder__c","RequireChargeDept__c","RequireExpLinkJob__c","RequireNoteOption__c","RequireNote__c","Revision__c","SeparateDailyNote__c","SocialExpenseItemId__c","SocialExpenseItemId__r.Name","TaxRate__c","TaxRoundFlag__c","TicketPeriod__c","TransferFeeItemId__c","TransferFeeItemId__r.Name","TrasferFeeItemId__c","TrasferFeeItemId__r.Name","TreatEarlyEnd__c","TreatLateStart__c","UseAccessControlSystem__c","UseConnectICAttendance__c","UseConnectICExpense__c","UseDailyApply__c","UseEkitan__c","UseExpApproverSet__c","UseExpCancelApply__c","UseExternalShopSearch__c","UseExtraItemOutput1__c","UseExtraItemOutput2__c","UseFixedButton__c","UseJobApproverSet__c","UseJobExtraItem1__c","UseJobExtraItem2__c","UseReceiptOCR__c","UseRestartable__c","UseShopCache__c","UsingJsNaviSystem__c","UsingReceiptSystem__c","UsingTaxiSystem__c","WorkNoteCrlfOn__c","WorkNoteTemplate__c","YuqProvidePriorMonth__c","ZGCompanyCode__c","ZGSenderAccountNo__c","ZGSenderAccountType__c","ZGSenderBankCode__c","ZGSenderBankName__c","ZGSenderBranchCode__c","ZGSenderBranchName__c","ZGSenderDate__c","ZGSenderName__c","ZGSendingBranchName__c","mailEmpApplyCanceled__c","permitLeavingPush24hours__c"
"a07p0000005bCXNAA2","チームスピリットシステム設定","2018-07-12 10:13:33","0057F000001lGnkQAE","加藤 耕平","2018-11-29 10:55:46","0057F000001lGnkQAE","加藤 耕平","2018-11-29 10:55:46",false,"0057F000001lGnkQAE","加藤 耕平","",false,false,"",300,"","","",true,false,false,false,false,false,false,false,"{
    ""validateAllDayMonthlyFix"": true,
    ""paidRestTimeLimitSyncYuq"": true,
    ""useDataStorage"": false,
    ""useHappyTimeRecorder"": false,
    ""useHeartRate"": false,
    ""pushTimeWithLocationTs1"": false,
    ""pushTimeWithLocationWeb"": false,
    ""chatterWithLocation"": false,
    ""summarySettings"": {
        ""empMonthCustomKeys"": ""tgi100__c,tgi110__c,tgi111__c,tgi112__c,tgi113__c,tgi114__c"",
        ""summaryBottom"": {
            ""flex"": {
                ""numberOfColumns"": 3,
                ""column1"": [
                    {
                        ""key"": ""fixdays"",
                        ""apiKey"": ""tgi100__c"",
                        ""placeholderMsgId"": ""tm10001010"",
                        ""nullValue"": ""-""
                    },
                    {
                        ""key"": ""realdays""
                    },
                    {
                        ""key"": ""workLegalHolidays""
                    },
                    {
                        ""key"": ""workHolidays""
                    },
                    {
                        ""separator"": true
                    },
                    {
                        ""key"": ""workFixedTime"",
                        ""apiKey"": ""tgi110__c"",
                        ""nullValue"": ""-""
                    },
                    {
                        ""key"": ""workWholeTime"",
                        ""filter"": ""fix,flex,var""
                    },
                    {
                        ""key"": ""workWholeOmitHolidayTime"",
                        ""filter"": ""flex""
                    },
                    {
                        ""key"": ""workRealTime"",
                        ""filter"": ""fix,var""
                    },
                    {
                        ""key"": ""workRealTimeNoDiscretion"",
                        ""filter"": ""fixd,man""
                    },
                    {
                        ""key"": ""amountTime"",
                        ""apiKey"": ""tgi111__c"",
                        ""nullValue"": ""-"",
                        ""filter"": ""flex""
                    },
                    {
                        ""separator"": true,
                        ""filter"": ""var1,var3,var6,var12""
                    },
                    {
                        ""key"": ""periodWorkLegalMax"",
                        ""filter"": ""var1,var3,var6,var12""
                    },
                    {
                        ""key"": ""periodWorkLegalTime"",
                        ""filter"": ""var1,var3,var6,var12""
                    },
                    {
                        ""key"": ""overTimeInPeriod"",
                        ""filter"": ""var1,var3,var6,var12""
                    },
                    {
                        ""separator"": true
                    },
                    {
                        ""key"": ""workOverTime36""
                    },
                    {
                        ""key"": ""quartWorkOverTime36""
                    },
                    {
                        ""key"": ""totalWorkOverTime36""
                    },
                    {
                        ""key"": ""totalWorkOverCount36""
                    },
                    {
                        ""key"": ""workOver40perWeek""
                    }
                ],
                ""column2"": [
                    {
                        ""key"": ""legalTime"",
                        ""filter"": ""flex""
                    },
                    {
                        ""key"": ""workRealOmitHolidayTime"",
                        ""filter"": ""flex""
                    },
                    {
                        ""key"": ""legalOverTime"",
                        ""apiKey"": ""tgi112__c"",
                        ""nullValue"": ""-""
                    },
                    {
                        ""key"": ""legalOutOverTime"",
                        ""apiKey"": ""tgi114__c"",
                        ""nullValue"": ""-""
                    },
                    {
                        ""key"": ""workHolidayTime""
                    },
                    {
                        ""separator"": true
                    },
                    {
                        ""key"": ""workNightTime""
                    },
                    {
                        ""key"": ""workChargeTime"",
                        ""apiKey"": ""tgi113__c"",
                        ""nullValue"": ""-""
                    },
                    {
                        ""key"": ""workOver45Time""
                    },
                    {
                        ""key"": ""workOver60Time""
                    },
                    {
                        ""separator"": true
                    },
                    {
                        ""key"": ""lateCount""
                    },
                    {
                        ""key"": ""earlyCount""
                    },
                    {
                        ""key"": ""privateInnerCount""
                    }
                ],
                ""column3"": [
                    {
                        ""key"": ""holidayPaid""
                    },
                    {
                        ""key"": ""paidRestTime""
                    },
                    {
                        ""separator"": true
                    },
                    {
                        ""key"": ""holidayDaiq""
                    },
                    {
                        ""separator"": true
                    },
                    {
                        ""key"": ""holidayFree""
                    },
                    {
                        ""separator"": true
                    },
                    {
                        ""key"": ""yuqRemain""
                    },
                    {
                        ""key"": ""plannedRemain""
                    }
                ]
            }
        },
        ""timeViewBottom"": {
            ""flex"": {
                ""numberOfColumns"": 2,
                ""column1"": [
                    {
                        ""key"": ""fixdays"",
                        ""apiKey"": ""tgi100__c"",
                        ""placeholderMsgId"": ""tm10001010"",
                        ""nullValue"": ""-""
                    },
                    {
                        ""key"": ""realdays""
                    },
                    {
                        ""key"": ""workFixedTime"",
                        ""apiKey"": ""tgi110__c"",
                        ""nullValue"": ""-""
                    },
                    {
                        ""key"": ""workWholeTime"",
                        ""filter"": ""fix,flex,var""
                    }
                ],
                ""column2"": [
                    {
                        ""key"": ""amountTime"",
                        ""apiKey"": ""tgi111__c"",
                        ""nullValue"": ""-"",
                        ""filter"": ""flex""
                    },
                    {
                        ""key"": ""workHolidayTime""
                    },
                    {
                        ""key"": ""legalOverTime"",
                        ""apiKey"": ""tgi112__c"",
                        ""nullValue"": ""-""
                    },
                    {
                        ""key"": ""legalOutOverTime"",
                        ""apiKey"": ""tgi114__c"",
                        ""nullValue"": ""-""
                    },
                    {
                        ""fixValue"": """",
                        ""filter"": ""fix,var""
                    }
                ]
            }
        }
    }
}","0",false,false,false,false,false,false,"表示しない","",false,"0",-1,"0","","","","","","",false,"{""expItemRevise"":true}","",0,"",true,"","拡張項目1","拡張項目2","","","表示しない",0,"http://www.teamspirit.co.jp/help/",false,false,false,"","",true,"http://www.teamspirit.co.jp/","",false,"","","","","","","",1,false,"1",true,false,"","","",480,"","0","","48","駅探検索機能のご利用には無料の登録が必要です<br><br>駅探検索の登録については<a href=""http://digitalcoast.force.com/teamspirit/TSEkitanLicence?id=00Dp00000004eUl"" target=""_blank"">ここをクリックしてください</a>","","","",false,"0",1740,1320,"iPhone.*Mobile|Android.*Mobile",false,"",false,"0",5,"",false,false,false,false,"","","","","if(typeof(teasp) == 'object' && !teasp.resolved['TGINET'] && teasp.view && teasp.view.MonthlySummary && teasp.view.Monthly && !(teasp.helper.Summary)){
teasp.view.MonthlySummary.prototype.show = function(){
	console.log('teasp.view.MonthlySummary.prototype.show!!!');
	this.monSum = this.pouch.getMonthSummary();

	// 入館管理情報の表示/非表示
	var msac = this.pouch.isMsAccessInfo(); // 月次サマリに入退館情報を表示する
	var table = dojo.byId('workTable');
	dojo.query('td.prtv_head_entr,td.prtv_head_exit,td.prtv_head_dive,td.prtv_entr,td.prtv_exit,td.prtv_dive', table).forEach(function(el){
		dojo.style(el, 'display', (msac ? '' : 'none'));
	});
	dojo.attr(dojo.query('td.prtv_foot_goke', table)[0], 'colSpan', (msac ? 9 : 6));

	//----------- カスタマイズ開始 -------------
	this.errmsg = null;
	if(this.pouch.getWorkSystem() != teasp.constant.WORK_SYSTEM_FLEX){ // フレックスタイム制以外はノーマル
		this.showMain();
	}else{
		var monthId = this.pouch.dataObj.month.id;
		if(!monthId){
			this.monSum.o.fixdays.val		   = '-'; // 所定出勤日数
			this.monSum.o.workFixedTime.val    = '-'; // 所定労働時間
			this.monSum.o.amountTime.val	   = '-'; // 過不足時間
			this.monSum.o.legalOverTime.val    = '-'; // 法定時間内残業
			this.monSum.o.workChargeTime.val   = '-'; // 法定時間外割増
			this.monSum.o.legalOutOverTime.val = '-'; // 法定時間外残業
			this.showMain();
		}else{
			teasp.action.contact.remoteMethod(
				'getExtResult',
				{
					soql: ""select tgi100__c,tgi110__c,tgi111__c,tgi112__c,tgi113__c,tgi114__c from AtkEmpMonth__c where Id = '"" + monthId + ""'"",
					limit: 1,
					offset: 0
				},
				dojo.hitch(this, function(result){
					if(result.result == 'NG'){
						this.errmsg = teasp.message.getErrorMessage(result);
						console.log(this.errmsg);
						dojo.create('div', { innerHTML:'ERROR:' + this.errmsg, style:'color:red;' }, dojo.byId('areaBody'));
					}else{
						teasp.util.excludeNameSpace(result);
						this.month = (result.records && result.records.length > 0 ? result.records[0] : null);
						this.monSum.o.fixdays.val		   = teasp.message.getLabel('tm10001010', this.month.tgi100__c); // 所定出勤日数
						this.monSum.o.workFixedTime.val    = this.month.tgi110__c; // 所定労働時間
						this.monSum.o.amountTime.val	   = this.month.tgi111__c; // 過不足時間
						this.monSum.o.legalOverTime.val    = this.month.tgi112__c; // 法定時間内残業
						this.monSum.o.workChargeTime.val   = this.month.tgi113__c; // 法定時間外割増
						this.monSum.o.legalOutOverTime.val = this.month.tgi114__c; // 法定時間外残業
					}
					this.showMain();
				}),
				null,
				this
			);
		}
	}
	//----------- カスタマイズ終了 -------------
};
teasp.view.Monthly.prototype.createGraphArea = function(){
	if(!this.graph){
		this.graph = new teasp.helper.Graph({
			widthPerH		   : 20
		, startY			 : 48
		, sizeType			 : 'small'
		, movable			 : false
		, clickedEvent		 : this.openEditTime
		, clickedApply		 : this.openEmpApply
		, hideTimeGraphPopup : this.pouch.isHideTimeGraphPopup()
		, that				 : this
	});
	}
	this.graph.clear();
	this.graph.draw(this.pouch, 'graphDiv', this.pouch.getMonthDateList());
	setTimeout(dojo.hitch(this, this.adjustGraphAreaScroll), 100);

	//----------- カスタマイズ開始 -------------
	if(this.pouch.getWorkSystem() == teasp.constant.WORK_SYSTEM_FLEX){ // フレックスタイム制のみ
		var monthId = this.pouch.dataObj.month.id;
		if(!monthId){
			this.refreshBottoms(null);
		}else{
			teasp.action.contact.remoteMethod(
				'getExtResult',
				{
					soql: ""select tgi100__c,tgi110__c,tgi111__c,tgi112__c,tgi113__c,tgi114__c from AtkEmpMonth__c where Id = '"" + monthId + ""'"",
					limit: 1,
					offset: 0
				},
				dojo.hitch(this, function(result){
					teasp.util.excludeNameSpace(result);
					var month = (result.records && result.records.length > 0 ? result.records[0] : null);
					this.refreshBottoms(month);
				}),
				null,
				this
			);
		}
	}
	//----------- カスタマイズ終了 -------------
};
// オリジナルにはない関数
teasp.view.Monthly.prototype.refreshBottoms = function(month){
	var hifn = '-';
	var flex = (this.pouch.getWorkSystem() == teasp.constant.WORK_SYSTEM_FLEX);
	var tbody = dojo.byId('totalValueLeft');
	dojo.empty(tbody);
	var row = dojo.create('tr', null, tbody);
	// 所定出勤日数
	var exFixDays = (month ? teasp.message.getLabel('tm10001010', month.tgi100__c) : hifn);
	dojo.create('div', { className: 'left top' , innerHTML: teasp.message.getLabel('fixDays_label') }, dojo.create('td', { className: 'left'  }, row));
	dojo.create('div', { className: 'right top', innerHTML: exFixDays								}, dojo.create('td', { className: 'right' }, row));
	// 実出勤日数
	var exRealDays = (month ? teasp.message.getLabel('tm10001010', this.pouch.getMonthSubValueByKey('workRealDay')) : hifn);
	row = dojo.create('tr', null, tbody);
	dojo.create('div', { className: 'left middle' , innerHTML: teasp.message.getLabel('realDays_label') }, dojo.create('td', { className: 'left'  }, row));
	dojo.create('div', { className: 'right middle', innerHTML: exRealDays								}, dojo.create('td', { className: 'right' }, row));
	var dc = ((this.pouch.getWorkSystem() == teasp.constant.WORK_SYSTEM_MANAGER) ? 'bottom' : 'middle');
	// 所定労働時間
	var exWorkFixedTime = (month ? month.tgi110__c : hifn);
	row = dojo.create('tr', null, tbody);
	dojo.create('div', { className: 'left '  + dc, innerHTML: teasp.message.getLabel('fixTimeOfDay_label') }, dojo.create('td', { className: 'left'  }, row));
	dojo.create('div', { className: 'right ' + dc, innerHTML: exWorkFixedTime							   }, dojo.create('td', { className: 'right' }, row));
	// 総労働時間
	if(dc == 'middle'){
		row = dojo.create('tr', null, tbody);
		var exWorkWholeTime = (month ? this.pouch.getMonthSubTimeByKey('workWholeTime') : hifn);
		dojo.create('div', { className: 'left bottom' , innerHTML: teasp.message.getLabel('wholeTime_label') }, dojo.create('td', { className: 'left'  }, row));
		dojo.create('div', { className: 'right bottom', innerHTML: exWorkWholeTime							 }, dojo.create('td', { className: 'right' }, row));
	}
	tbody = dojo.byId('totalValueRight');
	dojo.empty(tbody);
	row = dojo.create('tr', null, tbody);
	if(flex){
		var exAmountTime = (month ? month.tgi111__c : hifn);
		dojo.create('div', { className: 'left top' , innerHTML: teasp.message.getLabel('amountTime_label') }, dojo.create('td', { className: 'left'  }, row));
		dojo.create('div', { className: 'right top', innerHTML: exAmountTime							   }, dojo.create('td', { className: 'right' }, row));
	}
	// 法定休日労働
	var workHolidayTime = (!month || this.pouch.getWorkSystem() == teasp.constant.WORK_SYSTEM_MANAGER ? hifn : this.pouch.getMonthSubTimeByKey('workHolidayTime'));
	row = dojo.create('tr', null, tbody);
	dojo.create('div', { className: 'left '  + (flex ? 'middle' : 'top'), innerHTML: teasp.message.getLabel('legalHolidayWorkTime_label') }, dojo.create('td', { className: 'left'	}, row));
	dojo.create('div', { className: 'right ' + (flex ? 'middle' : 'top'), innerHTML: workHolidayTime									  }, dojo.create('td', { className: 'right' }, row));
	// 法定時間内残業
	var workLegalOverLabel = teasp.message.getLabel(this.pouch.getWorkSystem() != teasp.constant.WORK_SYSTEM_MANAGER && this.pouch.isDefaultUseDiscretionary() ? 'legalOverTimeM_label' : 'legalOverTime_label');
	var workLegalOverTime = (!month || this.pouch.getWorkSystem() == teasp.constant.WORK_SYSTEM_MANAGER ? hifn : month.tgi112__c);
	row = dojo.create('tr', null, tbody);
	dojo.create('div', { className: 'left middle' , innerHTML: workLegalOverLabel }, dojo.create('td', { className: 'left'	}, row));
	dojo.create('div', { className: 'right middle', innerHTML: workLegalOverTime  }, dojo.create('td', { className: 'right' }, row));
	// 法定時間外残業
	var workLegalOutOverLabel = teasp.message.getLabel(this.pouch.getWorkSystem() != teasp.constant.WORK_SYSTEM_MANAGER && this.pouch.isDefaultUseDiscretionary() ? 'legalOutOverTimeM_label' : 'legalOutOverTime_label');
	var workLegalOutOverTime = (!month || this.pouch.getWorkSystem() == teasp.constant.WORK_SYSTEM_MANAGER ? hifn : month.tgi114__c);
	dc = (flex || (this.pouch.getWorkSystem() == teasp.constant.WORK_SYSTEM_MANAGER) ? 'bottom' : 'middle');
	row = dojo.create('tr', null, tbody);
	dojo.create('div', { className: 'left '  + dc, innerHTML: workLegalOutOverLabel }, dojo.create('td', { className: 'left'  }, row));
	dojo.create('div', { className: 'right ' + dc, innerHTML: workLegalOutOverTime	}, dojo.create('td', { className: 'right' }, row));
	if(dc == 'middle'){
		// 空行
		row = dojo.create('tr', null, tbody);
		dojo.create('div', { className: 'left  bottom', innerHTML: '&nbsp;' }, dojo.create('td', { className: 'left'  }, row));
		dojo.create('div', { className: 'right bottom', innerHTML: '&nbsp;' }, dojo.create('td', { className: 'right' }, row));
	}
};
}","【受注前活動】営業活動
【受注前活動】営業準備作業
【受注前活動】その他
【受注後活動】運用開始前サポート
【受注後活動】運用開始後サポート
【受注後活動】その他
他者サポート
共通事務処理","0%
20%
40%
60%
80%
100%",false,"a0Yp0000001kJBMEA2","仮払い",false,"","","[{""folderName"":""チームスピリット(.*)\\(勤怠\\)レポート"",""searchType"":1,""groupMsgId"":""tk10000191"",""titleMsgId"":""tf10004660""},{""folderName"":""チームスピリット(.*)\\(経費精算\\)レポート"",""searchType"":1,""groupMsgId"":""tk10000192"",""titleMsgId"":""tf10004670""},{""folderName"":""チームスピリット(.*)\\(プロジェクト\\)レポート"",""searchType"":1,""groupMsgId"":""tk10000193"",""titleMsgId"":""tf10004680""}]",false,false,"",false,"50100",false,"a0Yp0000001kJBLEA2","交際費",5,"0","1","","","","","0","0",false,false,false,false,"利用する",false,false,false,false,false,false,false,false,false,false,false,false,false,false,false,true,"","","","","","","","","","","","",false,false
