﻿"Id","Name","CreatedDate","CreatedById","CreatedBy.Name","LastModifiedDate","LastModifiedById","LastModifiedBy.Name","SystemModstamp","IsDeleted","OwnerId","Owner.Name","AcceptableExpApplyDate__c","AllowEditExpAdmin__c","AllowEditManager__c","AttachmentType__c","BorderTime__c","BoxRefreshToken__c","CachPaymentId__c","CachPaymentId__r.Name","CancelDayApply__c","CancelMonthApply__c","CheckDefaultDailyFix__c","CheckWorkingTime__c","ClarifyAfterApply__c","CommentIfAbsence__c","CommentIfNoPushTime__c","CommuterPassWorkflow__c","Config__c","DailyApprover__c","DataOutputOption__c","DisableChatterPushTime__c","DisableKintaiFeed__c","DisabledEmpExp__c","DisabledEmpJob__c","DisabledTimeReport__c","DiscretionaryOption__c","DivergenceReasonList__c","DontFixJobMonthly__c","DuplicateFlag__c","EkitanArea__c","EkitanICCardMode__c","EkitanKey__c","ExpApplyPrefix__c","ExpCouponList__c","ExpItemClassList__c","ExpItemGroup__c","ExpItem__c","ExpLinkDocument__c","ExpPreApplyConfig__c","ExpPreApplyPrefix__c","ExpStartDate__c","ExpTransport__c","ExpWorkflow__c","ExtendedJournalFormat__c","ExtraItemOutputDataName1__c","ExtraItemOutputDataName2__c","ExtraMenu__c","FixDate__c","FlexGraph__c","HandleInvalidApply__c","HelpLink__c","HideBottomSummary__c","HideMonthlySummary__c","HideTimeGraphPopup__c","ICCardExpItemClass__c","ICCardRegLimitPerEmp__c","IndicateNoPushTime__c","InfoLink__c","JobAssignClassList__c","JobEditableByLeader__c","JobExtraItem1Length__c","JobExtraItem1Name__c","JobExtraItem1Width__c","JobExtraItem2Length__c","JobExtraItem2Name__c","JobExtraItem2Width__c","JobInitialDateHistory__c","JobInitialDayOfMonth__c","JobLeaderFilter__c","JobMarkOfMonth__c","JobWorkflow__c","KeepExteriorTime__c","LastAccessControlLogTime__c","LeftoverJobId__c","LeftoverJobId__r.Name","LegalTimeOfDay__c","LicenseType__c","LimitToMainteJob__c","LimitedPushTimeIPList__c","LimitedTimeDistance__c","LinkEkitan__c","LocalKey__c","MailAccessLogError__c","MessageTable__c","MsDailyWorkTimeIsReal__c","NamingRule__c","NightEndTime__c","NightStartTime__c","NonDialogKey__c","NotInfoAutoView__c","OutputColumns__c","OutputJournalOnProvisionalPayment__c","OutputJournal__c","PaidRestTimeLimit__c","PayExpApplyPrefix__c","PermitChangeLeftoverJob__c","PermitDeptFixWoMonthFix__c","PermitDuplicateJobProcess__c","PermitStartBtnDateChange__c","PitTouchDefaultStartFrom__c","PitTouchDefaultStartTo__c","PitTouchSyncInterval__c","PlugApex__c","PlugJavaScript__c","ProcessList__c","ProgressList__c","ProhibitAcrossMonthApply__c","ProvisionalItemId__c","ProvisionalItemId__r.Name","RecalcByLatestExchangeRate__c","RefundItemId__c","RefundItemId__r.Name","ReportFolder__c","RequireChargeDept__c","RequireExpLinkJob__c","RequireNoteOption__c","RequireNote__c","Revision__c","SeparateDailyNote__c","SocialExpenseItemId__c","SocialExpenseItemId__r.Name","TaxRate__c","TaxRoundFlag__c","TicketPeriod__c","TransferFeeItemId__c","TransferFeeItemId__r.Name","TrasferFeeItemId__c","TrasferFeeItemId__r.Name","TreatEarlyEnd__c","TreatLateStart__c","UseAccessControlSystem__c","UseConnectICAttendance__c","UseConnectICExpense__c","UseDailyApply__c","UseEkitan__c","UseExpApproverSet__c","UseExpCancelApply__c","UseExternalShopSearch__c","UseExtraItemOutput1__c","UseExtraItemOutput2__c","UseFixedButton__c","UseJobApproverSet__c","UseJobExtraItem1__c","UseJobExtraItem2__c","UseReceiptOCR__c","UseRestartable__c","UseShopCache__c","UsingJsNaviSystem__c","UsingReceiptSystem__c","UsingTaxiSystem__c","WorkNoteCrlfOn__c","WorkNoteTemplate__c","YuqProvidePriorMonth__c","ZGCompanyCode__c","ZGSenderAccountNo__c","ZGSenderAccountType__c","ZGSenderBankCode__c","ZGSenderBankName__c","ZGSenderBranchCode__c","ZGSenderBranchName__c","ZGSenderDate__c","ZGSenderName__c","ZGSendingBranchName__c","mailEmpApplyCanceled__c","permitLeavingPush24hours__c"
"a07p0000005bCXNAA2","チームスピリットシステム設定","2018-07-12 10:13:33","0057F000001lGnkQAE","加藤 耕平","2018-11-28 16:58:51","0057F000001lGnkQAE","加藤 耕平","2018-11-28 16:58:51",false,"0057F000001lGnkQAE","加藤 耕平","",false,false,"",300,"","","",true,false,false,false,false,false,false,false,"{""validateAllDayMonthlyFix"":true,""paidRestTimeLimitSyncYuq"":true,""useDataStorage"":false,""useHappyTimeRecorder"":false,""useHeartRate"":false,""pushTimeWithLocationTs1"":false,""pushTimeWithLocationWeb"":false,""chatterWithLocation"":false}","0",false,false,false,false,false,false,"表示しない","",false,"0",-1,"0","","","","","","",false,"{""expItemRevise"":true}","",0,"",true,"","拡張項目1","拡張項目2","","","表示しない",0,"http://www.teamspirit.co.jp/help/",false,false,false,"","",true,"http://www.teamspirit.co.jp/","",false,"","","","","","","",1,false,"1",true,false,"","","",480,"","0","","48","駅探検索機能のご利用には無料の登録が必要です<br><br>駅探検索の登録については<a href=""http://digitalcoast.force.com/teamspirit/TSEkitanLicence?id=00Dp00000004eUl"" target=""_blank"">ここをクリックしてください</a>","","","",false,"0",1740,1320,"iPhone.*Mobile|Android.*Mobile",false,"",false,"0",5,"",false,false,false,false,"","","","","","【受注前活動】営業活動
【受注前活動】営業準備作業
【受注前活動】その他
【受注後活動】運用開始前サポート
【受注後活動】運用開始後サポート
【受注後活動】その他
他者サポート
共通事務処理","0%
20%
40%
60%
80%
100%",false,"a0Yp0000001kJBMEA2","仮払い",false,"","","[{""folderName"":""チームスピリット(.*)\\(勤怠\\)レポート"",""searchType"":1,""groupMsgId"":""tk10000191"",""titleMsgId"":""tf10004660""},{""folderName"":""チームスピリット(.*)\\(経費精算\\)レポート"",""searchType"":1,""groupMsgId"":""tk10000192"",""titleMsgId"":""tf10004670""},{""folderName"":""チームスピリット(.*)\\(プロジェクト\\)レポート"",""searchType"":1,""groupMsgId"":""tk10000193"",""titleMsgId"":""tf10004680""}]",false,false,"",false,"50100",false,"a0Yp0000001kJBLEA2","交際費",5,"0","1","","","","","0","0",false,false,false,false,"利用する",false,false,false,false,false,false,false,false,false,false,false,false,false,false,false,true,"","","","","","","","","","","","",false,false
